SampleName,Lat,Long,DateCollected,Inferred Location,AssignmentConfidence,Bootstrap Value (between clade and closest known population),,SHP_File
Mu2,-45.776,170.968,27/01/2021,Catlins,Medium,,,Catlins
Mu6,-45.801333,171.169333,27/01/2021,Doubtful Sound,High,95,,DoubtfulSound
Mu5,-45.792,171.0415,27/01/2021,Somewhere in Fiordland,Between Westport and Orepuki,,,FiordlandBroad
Mu3,-45.801333,171.169333,27/01/2021,"Southern Otago (Stewart Island, Snares, Doubtful Sound)",Low,40,,SouthernNZ_SI_Fiordland_Snares
S10,-45.795833,171.101,29/03/2021,Catlins,Medium,,,Catlins
S2,-45.787167,170.999833,29/03/2021,Catlins,Medium,,,Catlins
S3,-45.773833,170.97,29/03/2021,Catlins,Medium,,,Catlins
S6,-45.789167,171.053167,29/03/2021,Catlins,Medium,,,Catlins
S7,-45.795833,171.101,29/03/2021,Catlins,Medium,,,Catlins
S8,-45.795833,171.101,29/03/2021,Catlins,Medium,59,,Catlins
S9,-45.795833,171.101,29/03/2021,Catlins,Medium,59,,Catlins
S4,-45.789167,171.053167,29/03/2021,Somewhere in Fiordland,,,,FiordlandBroad
S5,-45.789167,171.053167,29/03/2021,Somewhere in Fiordland,,,,FiordlandBroad
S11,-45.796167,171.1255,29/03/2021,Orepuki,High,98,,Orepuki
MunP1,-45.81,171.249667,30/11/2021,Doubtful Sound,High,81,,DoubtfulSound
MunP2,-45.826,171.479,30/11/2021,Snares,High,86,,Snares
MunF1,-45.7955,171.020167,18/01/2022,All Day Bay,High,95,,AllDayBay
MunF3,-45.803667,171.123833,18/01/2022,Cannibal Bay,High,100,,CannibalBay
MunF6,-45.815833,171.112333,18/01/2022,Cannibal Bay,High,99,,CannibalBay
MunF10,-45.782333,171.1125,18/01/2022,Catlins,Medium,,,Catlins
MunF11,-45.782333,171.1125,18/01/2022,Catlins,Medium,,,Catlins
MunF4,-45.815833,171.112333,18/01/2022,Catlins,Medium,,,Catlins
MunF9,-45.782333,171.1125,18/01/2022,Westport,Low,54,,FiordlandBroad
MunF8,-45.782333,171.1125,18/01/2022,Kaikoura,High,96,"Closest pop is WARD, but bootstrap for that node is 46, and it falls squarely within a Kaikoura clade",NorthCanterbury
MunF7,-45.782333,171.1125,18/01/2022,Snares,High,100,,Snares
MunF2,-45.803667,171.123833,18/01/2022,Taiaroaheads_2_Karitane,Medium,72,,Taiaroa2Karitane
K1,-45.782167,170.990667,25/03/2022,Allans Beach,Medium,77,,AllansBeach2TaiaroaHead
K13,-45.796733,171.22673,25/03/2022,Catlins,Medium,59,,Catlins
K5,-45.807167,171.1325,25/03/2022,Karitane,High,100,,Karitane
K4,-45.807167,171.1325,25/03/2022,Unclear,Southern Otago,,,Karitane2Catlins
K11,-45.8085,171.243167,25/03/2022,Southern Otago (Dunedin-Catlins),,49,,Karitane2Catlins
K2,-45.782167,170.990667,25/03/2022,Southern Otago (Dunedin-Catlins),,,,Karitane2Catlins
K3,-45.807167,171.1325,25/03/2022,Southern Otago (Dunedin-Catlins),,,,Karitane2Catlins
K6,-45.806167,171.217,25/03/2022,Southern Otago (Dunedin-Catlins),,,,Karitane2Catlins
K7,-45.806167,171.217,25/03/2022,Taiaroaheads_2_Karitane,Medium,72,,Taiaroa2Karitane
K12,-45.8085,171.243167,25/03/2022,Unclear,Low,,,
K8,-45.806167,171.217,25/03/2022,Unclear,Low,,,